/*!40101 SET NAMES utf8*/;

/*!40101 SET SQL_MODE=''*/;

/*!40014 SET @OLD_UNIQUE_CHECKS=@@UNIQUE_CHECKS, UNIQUE_CHECKS=0*/;
/*!40014 SET @OLD_FOREIGN_KEY_CHECKS=@@FOREIGN_KEY_CHECKS, FOREIGN_KEY_CHECKS=0*/;
/*!40101 SET @OLD_SQL_MODE=@@SQL_MODE, SQL_MODE='NO_AUTO_VALUE_ON_ZERO'*/;
/*!40111 SET @OLD_SQL_NOTES=@@SQL_NOTES, SQL_NOTES=0*/;
CREATE DATABASE /*!32312 IF NOT EXISTS*/university_student_database /*!40100 DEFAULT CHARACTER SET latin1*/;


USE university_student_database;

DROP TABLE IF EXISTS students;
CREATE TABLE students(
   id                                 INTEGER  NOT NULL PRIMARY KEY 
  ,student_name                       VARCHAR(19) NOT NULL
  ,university                         VARCHAR(37) NOT NULL
  ,program                            VARCHAR(13) NOT NULL
  ,specialisation                     VARCHAR(51) NOT NULL
  ,semester                           VARCHAR(3) NOT NULL
  ,FOREIGN KEY (id) REFERENCES scores (id)
  ,FOREIGN KEY (university) REFERENCES universities (university_name)
);

INSERT INTO students(id, student_name, university, program, specialisation, semester) VALUES
(0,'Camila Wood','Stanford University','B.Com','Honours','5th'),
(1,'Alexander Thompson','Stanford University','B.Com','Financial Services','5th'),
(2,'Liam Taylor','Harvard University','B.Com','Accounting Analytics','5th'),
(3,'Evelyn Jenkins','Stanford University','B.Com','Honours','5th'),
(4,'Michael Jackson','Harvard University','MBA','International Business','3rd'),
(5,'Chloe Moore','Stanford University','B.Com','Honours','5th'),
(6,'Nicholas Clark','Harvard University','MBA','International Business','3rd'),
(7,'Olivia Richardson','Stanford University','BBA','International Business','5th'),
(8,'Aiden Rivera','Stanford University','B.Com','Honours','5th'),
(9,'Harper Turner','Harvard University','MBA','International Business','3rd'),
(10,'Madison Lee','Stanford University','BBA','Business Analytics','5th'),
(11,'Carter Hall','Harvard University','MBA','International Business','3rd'),
(12,'Mia Thomas','Harvard University','B.Com','Information Technology with Accounting Analytics','5th'),
(13,'Lucas Evans','University of Oxford','Intg. BBA+MBA','Financial Services','9th'),
(14,'Abigail Bailey','Harvard University','MBA','International Business','3rd'),
(15,'Joseph Diaz','Harvard University','MBA','International Business','3rd'),
(16,'William Walker','University of Cambridge','MBA','Information Technology with Accounting Analytics','5th'),
(17,'Andrew Anderson','University of Oxford','Intg. BBA+MBA','Financial Services','9th'),
(18,'Sophia King','Harvard University','B.Com','Information Technology with Accounting Analytics','5th'),
(19,'Avery Gonzalez','Harvard University','MBA','Innovation Entrepreneurship and Venture Development','3rd'),
(20,'Lily Davis','Harvard University','MBA','Innovation Entrepreneurship and Venture Development','3rd'),
(21,'Scarlett Cooper','Stanford University','BBA','International Business','5th'),
(22,'Grace Reed','Stanford University','BBA','International Business','5th'),
(23,'Matthew Johnson','Harvard University','MBA','International Business','3rd'),
(24,'Jackson Baker','Stanford University','BBA','International Business','5th'),
(25,'Ella Martinez','Harvard University','B.Com','Information Technology with Accounting Analytics','5th'),
(26,'Henry Perez','Stanford University','B.Com','Honours','5th'),
(27,'Ava White','Stanford University','BBA','International Business','5th'),
(28,'Gabriel Miller','Stanford University','B.Com','Honours','5th'),
(29,'Mia Brown','Stanford University','BBA','Financial Services','5th'),
(30,'Layla Garcia','Harvard University','B.Com','Information Technology with Accounting Analytics','5th'),
(31,'Emma Stewart','Stanford University','BBA','Financial Services','5th'),
(32,'Daniel Adams','University of Oxford','Intg. BBA+MBA','Financial Services','9th'),
(33,'Logan Smith','Stanford University','BBA','International Business','5th'),
(34,'James Harris','Stanford University','B.Com','Accounting','5th'),
(35,'Benjamin Martin','Harvard University','MBA','International Business','3rd'),
(36,'Elijah Robinson','Harvard University','MBA','Innovation Entrepreneurship and Venture Development','3rd'),
(37,'Zoey Hayes','Harvard University','MBA','Innovation Entrepreneurship and Venture Development','3rd'),
(38,'Samuel Phillips','Harvard University','B.Com','Business Analytics','5th'),
(39,'Emily Williams','Harvard University','B.Com','Information Technology with Accounting Analytics','5th'),
(40,'Sofia Lewis','Stanford University','BBA','Financial Services','3rd'),
(41,'Amelia Young','University of Oxford','Intg. BBA+MBA','Financial Services','9th'),
(42,'Charlotte Wilson','Harvard University','MBA','Innovation Entrepreneurship and Venture Development','3rd'),
(43,'Jack Scott','Harvard University','MBA','International Business','3rd'),
(44,'Noah Parker','Harvard University','MBA','Innovation Entrepreneurship and Venture Development','3rd'),
(45,'David Rodriguez','Harvard University','MBA','Business Analytics','3rd'),
(46,'Aria Nelson','Stanford University','B.Com','Honours','5th'),
(47,'Ethan Carter','Harvard University','B.Com','Business Analytics','5th'),
(48,'Oliver Green','Harvard University','B.Com','Information Technology with Accounting Analytics','5th'),
(49,'Harper Jones','Harvard University','MBA','International Business','3rd'),
(50,'David Martin','Stanford University','BBA','Business Analytics','5th'),
(51,'Avery Green','Stanford University','BBA','Financial Services','5th'),
(52,'Aiden Wood','Harvard University','MBA','International Business','3rd'),
(53,'Jackson Anderson','Harvard University','B.Com','Information Technology with Accounting Analytics','5th'),
(54,'Scarlett Lee','Stanford University','BBA','Finance','5th'),
(55,'Lucas Johnson','Stanford University','MBA','Digital Marketing','3rd'),
(56,'Madison Davis','Massachusetts Institute of Technology','BBA','Digital Marketing','5th'),
(57,'Nicholas Jones','Harvard University','MBA','International Business','3rd'),
(58,'Evelyn Stewart','Stanford University','BBA','Financial Services','5th'),
(59,'Benjamin Richardson','Stanford University','MBA','International Business','3rd'),
(60,'Charlotte Walker','Harvard University','B.Com','Information Technology with Accounting Analytics','5th'),
(61,'Samuel Scott','Harvard University','B.Com','Financial Services','5th'),
(62,'William Rodriguez','Stanford University','BBA','International Business','5th'),
(63,'Emily Carter','Harvard University','B.Com','Business Analytics','5th'),
(64,'Carter Hall','Harvard University','Intg. BBA+MBA','International Business','3rd'),
(65,'Alexander Moore','Harvard University','MBA','International Business','3rd'),
(66,'Emma Wilson','Massachusetts Institute of Technology','BBA','Digital Marketing','5th'),
(67,'Mia Young','Harvard University','B.Com','Financial Services with Digital Finance','5th'),
(68,'Aria Evans','Stanford University','BBA','Financial Services','5th'),
(69,'Layla Phillips','Harvard University','MBA','Innovation Entrepreneurship and Venture Development','3rd'),
(70,'Matthew Lewis','Massachusetts Institute of Technology','BBA','Digital Marketing','5th'),
(71,'Noah Jenkins','Harvard University','B.Com','Information Technology with Accounting Analytics','5th'),
(72,'Camila Hayes','Harvard University','MBA','Entrepreneurship & Innovation','3rd'),
(73,'Logan Turner','Stanford University','B.Com','Finance','5th'),
(74,'Lily Miller','Harvard University','B.Com','Financial Services with Digital Finance','5th'),
(75,'Mia Perez','Harvard University','B.Com','Financial Services','5th'),
(76,'Zoey Rivera','Stanford University','MBA','Banking and Financial Services','3rd'),
(77,'Sophia King','Stanford University','MBA','Digital Marketing','3rd'),
(78,'Grace Cooper','Harvard University','MBA','Innovation Entrepreneurship and Venture Development','3rd'),
(79,'Chloe Williams','Stanford University','BBA','International Business','5th'),
(80,'Ella Bailey','Harvard University','MBA','International Business','3rd'),
(81,'Harper Nelson','Stanford University','MBA','International Business','3rd'),
(82,'Henry Baker','Harvard University','MBA','International Business','3rd'),
(83,'Andrew Gonzalez','Harvard University','B.Com','Information Technology with Accounting Analytics','5th'),
(84,'Amelia Harris','Stanford University','BBA','International Business','5th'),
(85,'Abigail Robinson','Harvard University','MBA','Innovation Entrepreneurship and Venture Development','3rd'),
(86,'Harper Jackson','Harvard University','MBA','International Business','3rd'),
(87,'Michael White','Massachusetts Institute of Technology','BBA','Digital Marketing','5th'),
(88,'Daniel Brown','University of Oxford','Intg. BBA+MBA','Financial Services','9th'),
(89,'Elijah Thomas','Harvard University','MBA','Entrepreneurship & Innovation','3rd'),
(90,'Liam Thompson','Harvard University','MBA','International Business','3rd'),
(91,'Joseph Martinez','Harvard University','MBA','Innovation Entrepreneurship and Venture Development','3rd'),
(92,'James Taylor','Massachusetts Institute of Technology','BBA','Digital Marketing','5th'),
(93,'Ava Clark','Massachusetts Institute of Technology','BBA','Digital Marketing','5th'),
(94,'Gabriel Diaz','Harvard University','B.Com','Financial Services','5th'),
(95,'Oliver Parker','California Institute of Technology','BBA','Brand Management','5th'),
(96,'Olivia Smith','Harvard University','B.Com','Financial Services','5th'),
(97,'Ethan Adams','Harvard University','MBA','International Business','3rd'),
(98,'Sofia Garcia','Harvard University','MBA','International Business','3rd'),
(99,'Jack Reed','University of Oxford','Intg. BBA+MBA','Financial Services','9th'),
(100,'Henry Gonzalez','Harvard University','MBA','International Business','3rd'),
(101,'Jackson Johnson','Harvard University','B.Com','Financial Services with Digital Finance','5th'),
(102,'William Richardson','California Institute of Technology','BBA','Brand Management','5th'),
(103,'Gabriel Wilson','Imperial College London','BBA','Entrepreneurship & Innovation','5th'),
(104,'Ava Walker','University of Oxford','Intg. BBA+MBA','Financial Services','9th'),
(105,'Harper Bailey','Harvard University','MBA','International Business','3rd'),
(106,'Alexander Clark','Harvard University','MBA','Innovation Entrepreneurship and Venture Development','3rd'),
(107,'Michael Evans','Stanford University','B.Com','Finance','5th'),
(108,'Zoey Jenkins','Stanford University','B.Com','Business Analytics','5th'),
(109,'Liam Taylor','Harvard University','MBA','Innovation Entrepreneurship and Venture Development','3rd'),
(110,'Camila Rivera','University of Oxford','Intg. BBA+MBA','Financial Services','9th'),
(111,'Jack Garcia','Harvard University','MBA','International Business','3rd'),
(112,'Joseph Parker','Massachusetts Institute of Technology','BBA','Digital Marketing','5th'),
(113,'Abigail Thomas','University of Oxford','Intg. BBA+MBA','Financial Services','9th'),
(114,'Sophia Carter','Harvard University','MBA','International Business','3rd'),
(115,'Layla Jackson','Harvard University','MBA','International Business','3rd'),
(116,'Mia Smith','Stanford University','BBA','International Business','5th'),
(117,'Sofia Nelson','Stanford University','B.Com','Business Analytics','5th'),
(118,'Elijah Williams','Stanford University','BBA','International Business','5th'),
(119,'Charlotte Baker','Stanford University','BBA','International Business','5th'),
(120,'Benjamin Green','Stanford University','BBA','International Business','5th'),
(121,'Matthew Miller','Harvard University','B.Com','Information Technology with Accounting Analytics','5th'),
(122,'Ella Stewart','Stanford University','BBA','International Business','5th'),
(123,'Emily Moore','Stanford University','BBA','Finance','5th'),
(124,'Noah Martinez','Harvard University','MBA','Innovation Entrepreneurship and Venture Development','3rd'),
(125,'Grace Hall','Harvard University','MBA','Innovation Entrepreneurship and Venture Development','3rd'),
(126,'Logan Brown','University of Oxford','Intg. BBA+MBA','Financial Services','9th'),
(127,'Lily Davis','Stanford University','BBA','Business Analytics','3rd'),
(128,'Amelia Jones','Massachusetts Institute of Technology','BBA','Digital Marketing','5th'),
(129,'Carter Wood','Harvard University','MBA','International Business','3rd'),
(130,'Emma Reed','Harvard University','MBA','International Business','3rd'),
(131,'Harper Diaz','Harvard University','MBA','International Business','3rd'),
(132,'Daniel Lee','Stanford University','BBA','International Business','5th'),
(133,'David Adams','Stanford University','BBA','Business Analytics','5th'),
(134,'James Scott','Harvard University','MBA','Innovation Entrepreneurship and Venture Development','3rd'),
(135,'Chloe Anderson','Harvard University','MBA','Innovation Entrepreneurship and Venture Development','3rd'),
(136,'Oliver Turner','Harvard University','MBA','Innovation Entrepreneurship and Venture Development','3rd'),
(137,'Scarlett Cooper','University of Oxford','Intg. BBA+MBA','Business Analytics','9th'),
(138,'Mia Young','Stanford University','BBA','International Business','5th'),
(139,'Olivia White','Harvard University','B.Com','Business Analytics','5th'),
(140,'Lucas Hayes','Stanford University','B.Com','Honours','5th'),
(141,'Aria King','University of Cambridge','BBA','International Business','5th'),
(142,'Madison Harris','Harvard University','MBA','Brand Management','3rd'),
(143,'Aiden Thompson','University of Oxford','Intg. BBA+MBA','Financial Services','9th'),
(144,'Andrew Phillips','Harvard University','MBA','International Business','3rd'),
(145,'Evelyn Robinson','Harvard University','MBA','Innovation Entrepreneurship and Venture Development','3rd'),
(146,'Avery Lewis','Stanford University','BBA','Financial Services','5th'),
(147,'Ethan Martin','Stanford University','BBA','International Business','5th'),
(148,'Nicholas Rodriguez','Harvard University','MBA','International Business','3rd'),
(149,'Samuel Perez','Stanford University','BBA','International Business','5th'),
(150,'Emily Lee','Massachusetts Institute of Technology','BBA','Digital Marketing','5th');



DROP TABLE IF EXISTS scores;
CREATE TABLE scores(
   id                     INTEGER  NOT NULL PRIMARY KEY
  ,generalManagementScore INTEGER  NOT NULL
  ,domainSpecificScore    INTEGER  NOT NULL
  ,FOREIGN KEY (id) REFERENCES students (id)
);

INSERT INTO scores(id,generalManagementScore,domainSpecificScore) VALUES 
(0,50,50),
(1,50,50),
(2,50,50),
(3,49,50),
(4,50,49),
(5,50,48),
(6,49,49),
(7,50,47),
(8,50,47),
(9,49,48),
(10,47,50),
(11,50,47),
(12,50,47),
(13,49,47),
(14,47,48),
(15,49,46),
(16,48,47),
(17,48,47),
(18,48,46),
(19,49,43),
(20,49,43),
(21,49,43),
(22,49,43),
(23,49,43),
(24,45,47),
(25,49,43),
(26,41,50),
(27,45,46),
(28,44,46),
(29,41,49),
(30,48,42),
(31,40,50),
(32,47,43),
(33,45,45),
(34,42,47),
(35,48,41),
(36,48,41),
(37,49,40),
(38,46,43),
(39,46,43),
(40,40,49),
(41,43,46),
(42,47,41),
(43,47,41),
(44,48,40),
(45,47,41),
(46,45,42),
(47,46,41),
(48,45,42),
(49,48,39),
(50,44,42),
(51,41,45),
(52,44,42),
(53,46,39),
(54,46,39),
(55,47,38),
(56,45,39),
(57,43,41),
(58,41,41),
(59,44,38),
(60,41,40),
(61,42,38),
(62,40,40),
(63,40,39),
(64,40,39),
(65,47,31),
(66,37,41),
(67,44,33),
(68,49,27),
(69,38,38),
(70,40,35),
(71,48,27),
(72,38,37),
(73,47,28),
(74,39,35),
(75,44,30),
(76,38,36),
(77,38,36),
(78,38,36),
(79,42,31),
(80,50,23),
(81,40,33),
(82,40,33),
(83,45,27),
(84,42,30),
(85,35,37),
(86,50,22),
(87,39,33),
(88,37,35),
(89,33,38),
(90,40,31),
(91,37,33),
(92,39,31),
(93,34,36),
(94,40,29),
(95,36,33),
(96,23,44),
(97,36,31),
(98,31,36),
(99,37,30),
(100,36,31),
(101,33,33),
(102,33,33),
(103,33,33),
(104,35,31),
(105,28,36),
(106,28,36),
(107,35,28),
(108,49,13),
(109,37,25),
(110,31,31),
(111,38,24),
(112,32,30),
(113,35,27),
(114,36,25),
(115,28,33),
(116,37,22),
(117,30,29),
(118,26,32),
(119,39,19),
(120,32,25),
(121,24,33),
(122,41,16),
(123,32,22),
(124,19,34),
(125,28,23),
(126,28,20),
(127,33,14),
(128,28,18),
(129,26,18),
(130,21,21),
(131,26,15),
(132,29,11),
(133,17,21),
(134,19,19),
(135,17,20),
(136,24,13),
(137,15,19),
(138,19,12),
(139,21,9),
(140,17,13),
(141,15,15),
(142,15,15),
(143,21,9),
(144,22,8),
(145,17,11),
(146,16,12),
(147,11,13),
(148,16,8),
(149,12,8),
(150,4,1);



DROP TABLE IF EXISTS universities;
CREATE TABLE universities(
   global_rank                    INTEGER  NOT NULL
  ,university_name                VARCHAR(80) NOT NULL PRIMARY KEY
  ,country                        VARCHAR(50) NOT NULL
  ,teaching_score                 NUMERIC(5,1) NOT NULL
  ,internationality               NUMERIC(5,1)
  ,research_score                 NUMERIC(5,1)
  ,citation_score                 NUMERIC(5,1)
  ,income_score                   NUMERIC(5,1)
  ,num_students                   INTEGER 
  ,student_staff_ratio            NUMERIC(5,1)
  ,international_students_percent NUMERIC(4,2)
  ,FOREIGN KEY (country) REFERENCES countries (country)
);

INSERT INTO universities(global_rank,university_name,country,teaching_score,internationality,research_score,citation_score,income_score,num_students,student_staff_ratio,international_students_percent) VALUES
(1,'Harvard University','United States of America',99.7,72.4,98.7,98.8,34.5,20152.00,8.9,0.25),
(2,'California Institute of Technology','United States of America',97.7,54.6,98,99.9,83.7,2243.00,6.9,0.27),
(3,'Massachusetts Institute of Technology','United States of America',97.8,82.3,91.4,99.9,87.5,11074.00,9,0.33),
(4,'Stanford University','United States of America',98.3,29.5,98.1,99.2,64.3,15596.00,7.8,0.22),
(5,'Princeton University','United States of America',90.9,70.3,95.4,99.9,NULL,7929.00,8.4,0.27),
(6,'University of Cambridge','United Kingdom',90.5,77.7,94.1,94,57,18812.00,11.8,0.34),
(6,'University of Oxford','United Kingdom',88.2,77.2,93.9,95.1,73.5,19919.00,11.6,0.34),
(8,'University of California, Berkeley','United States of America',84.2,39.6,99.3,97.8,NULL,36186.00,16.4,0.15),
(9,'Imperial College London','United Kingdom',89.2,90,94.5,88.3,92.9,15060.00,11.7,0.51),
(10,'Yale University','United States of America',92.1,59.2,89.7,91.5,NULL,11751.00,4.4,0.20),
(11,'University of California, Los Angeles','United States of America',83,48.1,92.9,93.2,NULL,38206.00,10.3,0.15),
(12,'University of Chicago','United States of America',79.1,62.8,87.9,96.9,NULL,14221.00,6.9,0.21),
(13,'Johns Hopkins University','United States of America',80.9,58.5,89.2,92.3,100,15128.00,3.6,0.23),
(14,'Cornell University','United States of America',82.2,62.4,88.8,88.1,34.7,21424.00,10.2,0.19),
(15,'ETH Zurich – Swiss Federal Institute of Technology Zurich','Switzerland',77.5,93.7,87.8,83.1,NULL,18178.00,14.7,0.37),
(15,'University of Michigan','United States of America',83.9,53.3,89.1,84.1,59.6,41786.00,9,0.16),
(17,'University of Toronto','Canada',75.8,NULL,87.9,82.2,NULL,66198.00,19.5,0.15),
(18,'Columbia University','United States of America',73.8,90.9,73.8,92.6,NULL,25055.00,5.9,0.28),
(19,'University of Pennsylvania','United States of America',71.8,32.9,82.7,93.6,43.7,20376.00,6.5,0.20),
(20,'Carnegie Mellon University','United States of America',70.3,39.1,79.3,95.7,53.7,11885.00,13.1,0.35),
(21,'University of Hong Kong','Hong Kong',68.4,91.4,71.4,96.1,56.5,19835.00,17.6,0.38),
(22,'University College London','United Kingdom',74,90.8,81.6,80.6,39,26607.00,10.7,0.46),
(23,'University of Washington','United States of America',68.2,49,77.1,95.9,32.8,44020.00,11.8,0.13),
(24,'Duke University','United States of America',66.8,49.4,71.5,92.3,100,15172.00,4.8,0.17),
(25,'Northwestern University','United States of America',64.5,60.5,68.8,95.3,NULL,18334.00,13.8,0.15),
(26,'University of Tokyo','Japan',87.7,18.4,91.9,58.1,NULL,26199.00,5.7,0.10),
(27,'Georgia Institute of Technology','United States of America',67.9,73.2,72.6,83.2,95.1,19967.00,20.1,0.26),
(28,'Pohang University of Science and Technology','South Korea',69.5,32.6,62.5,96.5,100,3055.00,10.1,0.04),
(29,'University of California, Santa Barbara','United States of America',56.6,64.3,68,98.8,89.8,22020.00,27.3,0.11),
(30,'University of British Columbia','Canada',65.1,93.3,74.8,80.3,42.6,50152.00,17.6,0.25),
(30,'University of North Carolina at Chapel Hill','United States of America',70.9,21.5,75.1,85,50.2,26518.00,7.3,0.08),
(32,'University of California, San Diego','United States of America',59.8,31.6,76.3,90.8,51.8,27233.00,6.5,0.11),
(33,'University of Illinois at UrbanaChampaign','United States of America',68.1,55.9,80.9,72.9,NULL,42727.00,18.7,0.20),
(34,'National University of Singapore','Singapore',65.5,97.8,72.6,78.7,40.5,31592.00,15.5,0.34),
(35,'McGill University','Canada',69,85.9,74.9,69,NULL,31326.00,13.7,0.23),
(36,'University of Melbourne','Australia',58.7,88,69.2,83.3,47.7,40128.00,23.7,0.35),
(37,'Peking University','China',76.4,68.6,61.3,72.2,98.6,40148.00,8.3,0.14),
(38,'Washington University in St Louis','United States of America',58.9,56.4,63,88.6,NULL,12528.00,5.7,0.17),
(39,'École Polytechnique','France',57.9,77.9,56.1,91.4,NULL,2429.00,4.8,0.30),
(40,'University of Edinburgh','United Kingdom',59.9,67.3,61.9,86.8,42.2,25774.00,14.1,0.36),
(41,'Hong Kong University of Science and Technology','Hong Kong',50.4,97.4,51.8,98.2,64.1,11385.00,23.8,0.36),
(42,'École Normale Supérieure','France',66.8,44.9,48.2,95.7,30.7,2400.00,7.9,0.20),
(43,'Australian National University','Australia',51.9,93.9,62.4,81,NULL,14604.00,19.2,0.35),
(43,'Karolinska Institute','Sweden',65.8,NULL,72.7,62.3,73.3,7774.00,11.5,0.22),
(43,'University of Göttingen','Germany',57.3,44.5,55.9,92.5,31.7,25581.00,25.6,0.12),
(43,'University of Wisconsin','United States of America',55.5,43.7,64.6,83.4,NULL,NULL,NULL,NULL),
(47,'Rice University','United States of America',57.4,31.2,50.6,99.1,29.2,6333.00,9,0.26),
(48,'École Polytechnique Fédérale de Lausanne','Switzerland',55,100,56.1,83.8,38,9666.00,10.5,0.54),
(49,'University of California, Irvine','United States of America',49.4,66.3,54.7,91.6,NULL,26614.00,16.1,0.16),
(49,'University of Science and Technology of China','China',57.5,NULL,48.6,92.7,30.3,14290.00,7.9,0.02),
(51,'Vanderbilt University','United States of America',64.9,22.1,59.5,78.1,84.2,12161.00,3.6,0.10),
(52,'University of Minnesota','United States of America',57.6,23,69.1,76.4,NULL,46825.00,18,0.13),
(53,'Tufts University','United States of America',64.1,28.3,52.3,83.9,NULL,10410.00,10,0.14),
(54,'University of California, Davis','United States of America',57.3,60.5,70.7,68.8,48,35364.00,13.9,0.13),
(55,'Brown University','United States of America',59.7,60.5,57,77.7,NULL,8653.00,10.1,0.19),
(56,'University of Massachusetts','United States of America',61.3,22.6,72.6,67.9,53.9,56959.00,13,0.11),
(57,'Kyoto University','Japan',78.9,18.4,77.7,46.3,67.1,22809.00,5.6,0.07),
(58,'Tsinghua University','China',74.9,43,66.6,52.7,97.8,39763.00,13.7,0.10),
(59,'Boston University','United States of America',53.6,38.1,51.9,91.4,29.6,24789.00,8.6,0.17),
(60,'New York University','United States of America',62,31.8,50.7,82.9,NULL,42056.00,6.8,0.19),
(61,'Emory University','United States of America',63.4,52.3,48.4,77.8,NULL,12338.00,4.5,0.18),
(61,'LMU Munich','Germany',59.1,43.1,57.5,76.4,40.4,35691.00,15.5,0.13),
(63,'University of Notre Dame','United States of America',56.4,35.6,45.1,89.1,NULL,11829.00,13.8,0.10),
(64,'University of Pittsburgh','United States of America',58.5,25.2,58.3,78.3,37.9,26485.00,5.8,0.10),
(65,'Case Western Reserve University','United States of America',67.2,56.5,53.8,66,NULL,9259.00,6.4,0.17),
(66,'Ohio State University','United States of America',63.5,64,54.9,67.2,NULL,51462.00,13.4,0.12),
(67,'University of Colorado Boulder','United States of America',46.4,31.7,58.1,83.4,NULL,29325.00,16.1,0.08),
(68,'University of Bristol','United Kingdom',49.6,67.2,53.1,80.9,36.2,17906.00,14,0.25),
(68,'University of California, Santa Cruz','United States of America',38.3,16.7,50.4,99.6,NULL,17404.00,22.7,0.01),
(68,'Yeshiva University','United States of America',63.5,53.3,46.7,74.4,NULL,6753.00,5.5,0.07),
(71,'University of Sydney','Australia',49.8,89.6,61.9,64.3,90.8,41868.00,20.2,0.28),
(72,'University of Virginia','United States of America',62,42.2,55.4,68.6,NULL,23845.00,10.2,0.12),
(73,'University of Adelaide','Australia',46.5,87.5,38.8,90.5,52.7,20771.00,30.1,0.26),
(73,'University of Southern California','United States of America',65.4,31.2,48.7,71.9,NULL,36534.00,12.9,0.20),
(75,'William & Mary','United States of America',53.1,20.9,36.1,95.6,NULL,7867.00,11.8,0.07),
(76,'Trinity College Dublin','Republic of Ireland',47.7,84.2,45.3,84.4,31.6,15521.00,18,0.25),
(77,'King’s College London','United Kingdom',48.5,85.9,54.5,72.1,44.1,21394.00,11.4,0.37),
(78,'Stony Brook University','United States of America',48.5,52.2,43.6,85.8,NULL,21908.00,10.9,0.24),
(79,'Korea Advanced Institute of Science and Technology (KAIST)','South Korea',71.3,36.7,63.4,45.5,100,9027.00,10,0.09),
(79,'University of Sussex','United Kingdom',42.4,72.8,42.4,91.6,29.1,12001.00,17.4,0.35),
(81,'The University of Queensland','Australia',51.8,74.2,53.4,69,57.1,34718.00,32.7,0.27),
(81,'University of York','United Kingdom',47.9,66.6,46.2,81.9,36.2,NULL,NULL,NULL),
(83,'Heidelberg University','Germany',59.2,63.4,47.5,70.3,39.1,28881.00,24.5,0.17),
(83,'University of Utah','United States of America',55.8,22.5,54.2,72,NULL,25674.00,16.9,0.09),
(85,'Durham University','United Kingdom',39.8,65.7,44.1,91,33.9,15489.00,15.7,0.24),
(86,'London School of Economics and Political Science','United Kingdom',62.4,99.5,56.2,51.6,38.4,NULL,NULL,NULL),
(87,'University of Manchester','United Kingdom',56.5,79.1,56.2,59.2,39,34938.00,15.3,0.34),
(88,'Royal Holloway, University of London','United Kingdom',37.7,92.9,36.2,93.2,30.5,8747.00,15.9,0.37),
(89,'Lund University','Sweden',46.3,56.8,60.8,67.6,33.2,28251.00,11.5,0.15),
(90,'University of Southampton','United Kingdom',50.8,69,47.8,72.9,37.7,20925.00,13.5,0.29),
(90,'University of Zurich','Switzerland',56.6,87.9,47,65,43.8,26583.00,6.5,0.19),
(90,'Wake Forest University','United States of America',54.6,24.4,42.9,79.2,NULL,7326.00,4.6,0.05),
(93,'McMaster University','Canada',44.7,NULL,58.7,68.5,NULL,23823.00,19.3,0.15),
(94,'University College Dublin','Republic of Ireland',42.4,87,36.6,86.3,NULL,22193.00,24.5,0.23),
(95,'George Washington University','United States of America',60.6,39.6,43.1,70.2,NULL,20541.00,12,0.16),
(95,'University of Arizona','United States of America',52.4,21.9,52.2,70.1,84.2,36429.00,12.7,0.08),
(95,'University of Basel','Switzerland',50.2,91.3,37.1,78.3,45.8,12551.00,17.3,0.24),
(98,'University of Maryland, College Park','United States of America',45.4,35.4,48.6,79.2,NULL,31331.00,8.4,0.09),
(99,'Dartmouth College','United States of America',44.7,31,49.2,79.7,NULL,6178.00,6.6,0.16),
(100,'École Normale Supérieure de Lyon','France',51.1,37.6,34.4,88.8,26.1,2218.00,8,0.14),
(101,'Technical University of Munich','Germany',50.4,85.3,43.2,71.2,NULL,35565.00,31.5,0.20),
(102,'University of Helsinki','Finland',49,24.2,51.4,75.4,30.2,23505.00,15.1,0.06),
(103,'University of St Andrews','United Kingdom',44.8,85.7,47.7,72.9,32.6,8338.00,12.7,0.47),
(104,'Rensselaer Polytechnic Institute','United States of America',50.5,48,54.6,64.9,NULL,6671.00,15,0.16),
(105,'Rutgers, the State University of New Jersey','United States of America',53.4,26.8,64.7,55.7,NULL,37032.00,17.3,0.08),
(106,'Purdue University','United States of America',57,62.6,67.8,43.9,NULL,39256.00,18.1,0.22),
(107,'National Tsing Hua University','Taiwan',52.2,34.1,52.6,66.9,50.2,10221.00,13.5,0.05),
(107,'University of Cape Town','South Africa',36.6,83.3,42.1,82.8,NULL,20040.00,12.1,0.18),
(109,'Pennsylvania State University','United States of America',46.3,19.9,49.2,77.6,44,44501.00,12.4,0.12),
(109,'Seoul National University','South Korea',62.3,44.9,54.1,54.6,43,26389.00,13.9,0.10),
(111,'Hong Kong Baptist University','Hong Kong',32.9,71.8,32.5,97.6,26.7,10441.00,11,0.25),
(112,'Bilkent University','Turkey',34.3,47.7,36.1,95.7,32.4,NULL,NULL,NULL),
(112,'Tokyo Institute of Technology','Japan',62.9,24.8,63.4,45.5,60.5,9586.00,7.3,0.13),
(114,'Eindhoven University of Technology','Netherlands',55.4,44.9,51.7,56.9,99.8,8176.00,16,0.14),
(115,'National Taiwan University','Taiwan',50.3,29.2,59,61.6,35.7,31891.00,11.9,0.07),
(115,'University of Hawai’i at Mānoa','United States of America',38.3,34.2,47.6,81,NULL,NULL,NULL,NULL),
(117,'University of California, Riverside','United States of America',38.6,63,47.4,78.3,30.5,20626.00,22,0.12),
(118,'University of Geneva','Switzerland',46.6,95.7,49.7,63.1,32.7,15668.00,15,0.39),
(119,'KU Leuven','Belgium',57.7,29.6,62.9,45.2,97.7,42503.00,41.9,0.18),
(120,'Nanjing University','China',52.2,50.2,46.2,66,43.4,29743.00,13.3,0.10),
(120,'Queen Mary University of London','United Kingdom',39.7,91,44.1,73.5,38.9,14260.00,14,0.40),
(122,'Michigan State University','United States of America',50.4,30.4,52.7,63.7,NULL,44750.00,15.7,0.15),
(122,'Technical University of Denmark','Denmark',46.2,64,46.9,64.6,95.5,9990.00,5,0.18),
(124,'Ghent University','Belgium',52.8,24.7,59.1,52.8,97.1,32166.00,34.1,0.09),
(124,'Lancaster University','United Kingdom',43.5,73.8,41.9,74.9,28.8,11512.00,14.9,0.33),
(124,'Leiden University','Netherlands',47.3,40,54.9,59.3,100,21222.00,17.1,0.10),
(127,'University of Alberta','Canada',53.7,71.6,58,49.7,44.5,36299.00,21.6,0.23),
(128,'University of Glasgow','United Kingdom',45.6,55.1,50.3,65.1,61,22616.00,16,0.29),
(129,'Stockholm University','Sweden',36.9,NULL,49.2,75.9,31.7,31715.00,23.7,0.08),
(130,'Osaka University','Japan',61.7,20.1,63.4,40,73.4,23144.00,7.8,0.09),
(130,'University of Victoria','Canada',32.9,NULL,48.3,79.1,27.4,17581.00,21.5,0.11),
(132,'Tohoku University','Japan',60.3,20.1,62.5,41.2,82.3,17200.00,5,0.07),
(132,'University of Freiburg','Germany',52.4,46.2,41.4,64.3,79.8,26467.00,31.2,0.16),
(132,'University of Iowa','United States of America',48.6,31.7,59.8,54.8,NULL,27526.00,11.6,0.11),
(135,'University of Bergen','Norway',39.9,66.6,42.1,73.1,41.5,11623.00,11.1,0.12),
(136,'University of Lausanne','Switzerland',43.1,84.1,50.5,59.1,42.5,11964.00,13.1,0.22),
(137,'University of Sheffield','United Kingdom',48.9,62.7,49.2,58.4,40.3,23311.00,15.5,0.31),
(138,'University of Montreal','Canada',56.1,NULL,49.4,51.9,NULL,38264.00,20.3,0.25),
(139,'VU University Amsterdam','Netherlands',47.6,30.6,51.6,58.5,81.4,23280.00,16.3,0.06),
(140,'Pierre and Marie Curie University','France',51.9,30.7,37.2,71.5,26.4,27862.00,8.7,0.18),
(140,'University of Dundee','United Kingdom',34.1,54.4,41,79.3,49.3,11628.00,15.3,0.25),
(142,'University of Barcelona','Spain',34.1,22.3,33.7,91.9,30,47491.00,12.2,0.10),
(143,'Utrecht University','Netherlands',43.4,52.6,53,58.8,55.3,30779.00,15.4,0.07),
(144,'Wageningen University and Research Center','Netherlands',58.5,24.3,48.8,53,NULL,9248.00,17,0.21),
(145,'University of Auckland','New Zealand',34.8,94.3,39.2,71.8,61.1,29787.00,18.9,0.28),
(145,'University of Birmingham','United Kingdom',50.3,73.8,50.7,52.1,34.8,25295.00,16.4,0.23),
(147,'Alexandria University','Egypt',29.5,19.3,28,99.8,36,127431.00,23.3,0.01),
(147,'Uppsala University','Sweden',49.6,77.9,62.2,40.7,39.5,25266.00,18.2,0.12),
(149,'Hong Kong Polytechnic University','Hong Kong',39.4,82.9,45.7,62.4,57.2,22064.00,25.9,0.26),
(149,'University of Aberdeen','United Kingdom',37.8,86.1,45.2,64.6,47,12938.00,15.8,0.33),
(151,'Delft University of Technology','Netherlands',55.5,47.4,67.7,29,99.4,15920.00,19.4,0.25),
(152,'Birkbeck, University of London','United Kingdom',41.2,88.5,35.8,70.6,27.4,9454.00,17.2,0.38),
(152,'Newcastle University','United Kingdom',42.7,80.5,42.8,63.6,31.1,20174.00,15.2,0.29),
(152,'University of New South Wales','Australia',49.5,70.7,48.9,51.2,60,38309.00,25.9,0.33),
(155,'Pompeu Fabra University','Spain',35,44.1,33,84.7,40,10901.00,18.3,0.13),
(156,'Indiana University','United States of America',48.5,37.7,42.5,63.2,NULL,62468.00,13.6,0.13),
(156,'Iowa State University','United States of America',49.3,23.2,49.6,58.2,49.6,29991.00,17.4,0.11),
(158,'Georgia Health Sciences University','United States of America',67.3,16.3,41.7,48.9,50.1,NULL,NULL,NULL),
(159,'Erasmus University Rotterdam','Netherlands',39.4,58.6,43.6,65.5,NULL,20580.00,18.9,0.18),
(159,'University of Delaware','United States of America',38.4,16.8,51.9,61.3,100,19262.00,15.9,0.10),
(161,'Arizona State University','United States of America',43,24.1,44.1,66.9,NULL,83236.00,29.9,0.09),
(161,'Boston College','United States of America',40.1,31.6,33.6,78,NULL,13216.00,17.4,0.19),
(163,'National Sun YatSen University','Taiwan',46.1,21.3,50.6,58.9,37.5,9336.00,19.6,0.04),
(164,'Georgetown University','United States of America',65.1,24.7,44.7,45,NULL,15408.00,8.5,0.14),
(165,'University of Amsterdam','Netherlands',42.5,38.2,49.2,60.2,38.8,24570.00,14.4,0.11),
(165,'University of Liverpool','United Kingdom',40.8,59.8,47.8,59.6,40.6,18815.00,13.6,0.30),
(167,'Aarhus University','Denmark',38.1,33.4,55.6,57.3,61.5,23895.00,13.6,0.14),
(168,'University of Leeds','United Kingdom',46.2,50,48,55.6,38.3,27703.00,14.7,0.21),
(168,'University of Würzburg','Germany',48.7,40.3,40.9,60.4,NULL,26576.00,38.4,0.08),
(170,'University of Groningen','Netherlands',41.7,35.5,56.4,54.1,34.2,24556.00,25.6,0.12),
(171,'Sun Yatsen University','China',46.2,29.3,34.7,70.2,41.2,51351.00,16.6,0.08),
(172,'Goethe University Frankfurt','Germany',39.2,56.1,37.3,69.5,41.6,31861.00,9.3,0.15),
(173,'Bielefeld University','Germany',39.9,NULL,35.7,70.4,NULL,21428.00,67.8,0.08),
(174,'Nanyang Technological University','Singapore',43.6,96.3,51.7,45,40,25028.00,16.2,0.33),
(174,'University of East Anglia','United Kingdom',42.1,62.8,40.4,62.8,29.7,14992.00,14.7,0.28),
(174,'University of Nottingham','United Kingdom',46.8,74.8,44.1,52.5,38.4,30144.00,15,0.27),
(177,'University of Copenhagen','Denmark',44.1,45.8,45.7,58.3,26.1,27545.00,4.1,0.19),
(178,'Humboldt University of Berlin','Germany',50.9,46.1,44.5,52,27.8,29987.00,52.5,0.16),
(178,'Monash University','Australia',39.4,87.1,38.8,60.5,40.8,50882.00,40.5,0.36),
(178,'University of Bonn','Germany',46.8,46.8,33.8,65.3,29.4,32474.00,70.4,0.13),
(181,'National Chiao Tung University','Taiwan',53.2,57.9,54.4,32.9,98.7,12646.00,16.6,0.05),
(182,'RWTH Aachen University','Germany',50,63.8,42.5,48.9,56.6,37917.00,27.6,0.16),
(183,'Middle East Technical University','Turkey',39.5,27.2,39.5,66.4,43.9,25779.00,22.2,0.07),
(184,'University of Exeter','United Kingdom',40.4,62.8,42.5,57.9,32.2,17755.00,18.8,0.28),
(185,'University of Twente','Netherlands',49.9,62.4,48.3,42,49.8,6631.00,12,0.26),
(186,'University of Konstanz','Germany',42.7,93.6,40.1,51.3,NULL,10930.00,59.1,0.12),
(187,'Karlsruhe Institute of Technology','Germany',45,47.3,35.4,60.7,40,25294.00,24.6,0.16),
(187,'University of Innsbruck','Austria',37.9,99.5,34.8,60.2,35,18209.00,16.9,0.39),
(189,'University of Tübingen','Germany',45.9,57.8,36.3,57.3,32.3,28327.00,38.9,0.12),
(190,'Drexel University','United States of America',45,60.6,35.9,58.2,27.4,20713.00,10.8,0.18),
(190,'University of Cincinnati','United States of America',43.6,18.9,40.4,61.5,32.5,36108.00,15.7,0.06),
(190,'Yonsei University','South Korea',43,28,48.7,52.2,40.4,24774.00,11.6,0.14),
(193,'Dalhousie University','Canada',41.6,44.9,50.2,48.8,NULL,15064.00,14.4,0.18),
(193,'KTH Royal Institute of Technology','Sweden',49.1,64.2,56.2,29.2,100,12062.00,14.6,0.21),
(195,'University of Vienna','Austria',47.6,63.2,45.7,45.6,27,34651.00,20.5,0.25),
(196,'Kent State University','United States of America',33.5,15.9,33.3,76.8,26.3,23122.00,19,0.08),
(197,'University of Illinois at Chicago','United States of America',57.8,51.8,46.8,34.7,NULL,24313.00,9.2,0.17),
(197,'Zhejiang University','China',54.6,29.6,41.3,44.3,70.3,47508.00,15.9,0.05),
(199,'Simon Fraser University','Canada',32.9,51.9,44.2,60.2,37.9,26640.00,28.3,0.19),
(199,'Swedish University of Agricultural Sciences','Sweden',43.3,NULL,49.5,41.7,99.9,3879.00,4.6,NULL);



DROP TABLE IF EXISTS countries;
CREATE TABLE countries(
   country                 VARCHAR(50) NOT NULL PRIMARY KEY
  ,gdp_percent             NUMERIC(3,1)
);

INSERT INTO countries(country,gdp_percent) VALUES
('Australia',1.6),
('Austria',1.5),
('Belgium',1.4),
('Canada',NULL),
('Chile',2.4),
('Czech Republic',1.4),
('Denmark',1.9),
('Estonia',1.7),
('Finland',1.9),
('France',1.5),
('Germany',1.3),
('Greece',NULL),
('Hungary',NULL),
('Iceland',1.2),
('Ireland',1.5),
('Israel',1.7),
('Italy',1.0),
('Japan',1.6),
('South Korea',2.6),
('Luxembourg',NULL),
('Mexico',1.3),
('Netherlands',1.8),
('New Zealand',1.5),
('Norway',1.7),
('Poland',1.3),
('Portugal',1.4),
('Slovak Republic',1.0),
('Slovenia',1.3),
('Spain',1.3),
('Sweden',1.7),
('Switzerland',NULL),
('Turkey',NULL),
('United Kingdom',1.2),
('United States of America',2.7),
('Brazil',NULL),
('Russia',1.4);